date	title	note
2019-05-14T18:32:28.216373	test_specific	hallo, I am a specific note;
2019-05-14T18:32:28.256829	test_specific	hallo, I am a specific note;
2019-05-14T18:32:28.299319	test_specific	hallo, I am a specific note;
2019-05-14T18:32:28.343282	test_specific	hallo, I am a specific note;
2019-05-14T18:32:28.385506	test_specific	hallo, I am a specific note;
2019-05-14T18:32:28.425638	test_specific	hallo, I am a specific note;
2019-05-14T18:32:28.465635	test_specific	hallo, I am a specific note;
2019-05-14T18:32:28.505424	test_specific	hallo, I am a specific note;
2019-05-14T18:32:28.545381	test_specific	hallo, I am a specific note;
2019-05-14T18:32:28.586069	test_specific	hallo, I am a specific note;
2019-05-14T18:32:28.892567	test_note	Hello. I am the test note
2019-05-14T19:17:39.404778	test_specific	hallo, I am a specific note;
2019-05-14T19:17:39.445777	test_specific	hallo, I am a specific note;
2019-05-14T19:17:39.484880	test_specific	hallo, I am a specific note;
2019-05-14T19:17:39.527178	test_specific	hallo, I am a specific note;
2019-05-14T19:17:39.571217	test_specific	hallo, I am a specific note;
2019-05-14T19:17:39.625921	test_specific	hallo, I am a specific note;
2019-05-14T19:17:39.672543	test_specific	hallo, I am a specific note;
2019-05-14T19:17:39.717598	test_specific	hallo, I am a specific note;
2019-05-14T19:17:39.756491	test_specific	hallo, I am a specific note;
2019-05-14T19:17:39.795689	test_specific	hallo, I am a specific note;
2019-05-14T19:17:40.077705	test_note	Hello. I am the test note
2019-05-14T19:20:04.466592	test_specific	hallo, I am a specific note;
2019-05-14T19:20:04.509285	test_specific	hallo, I am a specific note;
2019-05-14T19:20:04.552898	test_specific	hallo, I am a specific note;
2019-05-14T19:20:04.607430	test_specific	hallo, I am a specific note;
2019-05-14T19:20:04.666507	test_specific	hallo, I am a specific note;
2019-05-14T19:20:04.707422	test_specific	hallo, I am a specific note;
2019-05-14T19:20:04.745967	test_specific	hallo, I am a specific note;
2019-05-14T19:20:04.784753	test_specific	hallo, I am a specific note;
2019-05-14T19:20:04.829108	test_specific	hallo, I am a specific note;
2019-05-14T19:20:04.871372	test_specific	hallo, I am a specific note;
2019-05-14T19:20:05.158586	test_note	Hello. I am the test note
2019-05-14T19:23:51.954905	test_specific	hallo, I am a specific note;
2019-05-14T19:23:51.996768	test_specific	hallo, I am a specific note;
2019-05-14T19:23:52.037440	test_specific	hallo, I am a specific note;
2019-05-14T19:23:52.076258	test_specific	hallo, I am a specific note;
2019-05-14T19:23:52.116659	test_specific	hallo, I am a specific note;
2019-05-14T19:23:52.157537	test_specific	hallo, I am a specific note;
2019-05-14T19:23:52.196193	test_specific	hallo, I am a specific note;
2019-05-14T19:23:52.238887	test_specific	hallo, I am a specific note;
2019-05-14T19:23:52.281620	test_specific	hallo, I am a specific note;
2019-05-14T19:23:52.320301	test_specific	hallo, I am a specific note;
2019-05-14T19:23:52.614316	test_note	Hello. I am the test note
2019-05-14T19:29:19.080218	chess_idea	"play d5 first when black
then c4
and be ok"
2019-05-14T19:31:00.786316	chess_idea	"dont forget to castle
retreat and then retweet"
2019-05-14T19:31:35.836001	chess_idea	never trade
2019-05-15T10:39:07.959006	test_specific	hallo, I am a specific note;
2019-05-15T10:39:07.998004	test_specific	hallo, I am a specific note;
2019-05-15T10:39:08.041647	test_specific	hallo, I am a specific note;
2019-05-15T10:39:08.082252	test_specific	hallo, I am a specific note;
2019-05-15T10:39:08.157559	test_specific	hallo, I am a specific note;
2019-05-15T10:39:08.199143	test_specific	hallo, I am a specific note;
2019-05-15T10:39:08.239188	test_specific	hallo, I am a specific note;
2019-05-15T10:39:08.278300	test_specific	hallo, I am a specific note;
2019-05-15T10:39:08.317606	test_specific	hallo, I am a specific note;
2019-05-15T10:39:08.357022	test_specific	hallo, I am a specific note;
2019-05-15T10:39:08.640653	test_note	Hello. I am the test note
2019-05-15T17:37:35.528964	test_specific	hallo, I am a specific note;
2019-05-15T17:37:35.570292	test_specific	hallo, I am a specific note;
2019-05-15T17:37:35.613880	test_specific	hallo, I am a specific note;
2019-05-15T17:37:35.657131	test_specific	hallo, I am a specific note;
2019-05-15T17:37:35.698177	test_specific	hallo, I am a specific note;
2019-05-15T17:37:35.741124	test_specific	hallo, I am a specific note;
2019-05-15T17:37:35.782324	test_specific	hallo, I am a specific note;
2019-05-15T17:37:35.825242	test_specific	hallo, I am a specific note;
2019-05-15T17:37:35.868639	test_specific	hallo, I am a specific note;
2019-05-15T17:37:35.910691	test_specific	hallo, I am a specific note;
2019-05-15T17:37:36.354622	test_note	Hello. I am the test note
2019-05-15T17:43:45.569492	test_specific	hallo, I am a specific note;
2019-05-15T17:43:45.612559	test_specific	hallo, I am a specific note;
2019-05-15T17:43:45.655444	test_specific	hallo, I am a specific note;
2019-05-15T17:43:45.694211	test_specific	hallo, I am a specific note;
2019-05-15T17:43:45.737093	test_specific	hallo, I am a specific note;
2019-05-15T17:43:45.780111	test_specific	hallo, I am a specific note;
2019-05-15T17:43:45.822336	test_specific	hallo, I am a specific note;
2019-05-15T17:43:45.865341	test_specific	hallo, I am a specific note;
2019-05-15T17:43:45.906464	test_specific	hallo, I am a specific note;
2019-05-15T17:43:45.949159	test_specific	hallo, I am a specific note;
2019-05-15T17:43:46.384491	test_note	Hello. I am the test note
2019-05-15T18:10:23.051231	test_specific	hallo, I am a specific note;
2019-05-15T18:10:23.090733	test_specific	hallo, I am a specific note;
2019-05-15T18:10:23.149877	test_specific	hallo, I am a specific note;
2019-05-15T18:10:23.191053	test_specific	hallo, I am a specific note;
2019-05-15T18:10:23.230484	test_specific	hallo, I am a specific note;
2019-05-15T18:10:23.269919	test_specific	hallo, I am a specific note;
2019-05-15T18:10:23.309299	test_specific	hallo, I am a specific note;
2019-05-15T18:10:23.353064	test_specific	hallo, I am a specific note;
2019-05-15T18:10:23.394529	test_specific	hallo, I am a specific note;
2019-05-15T18:10:23.438913	test_specific	hallo, I am a specific note;
2019-05-15T18:10:23.858511	test_note	Hello. I am the test note
2019-05-15T18:11:06.564955	test_specific	hallo, I am a specific note;
2019-05-15T18:11:06.608277	test_specific	hallo, I am a specific note;
2019-05-15T18:11:06.651312	test_specific	hallo, I am a specific note;
2019-05-15T18:11:06.690201	test_specific	hallo, I am a specific note;
2019-05-15T18:11:06.732390	test_specific	hallo, I am a specific note;
2019-05-15T18:11:06.775440	test_specific	hallo, I am a specific note;
2019-05-15T18:11:06.814388	test_specific	hallo, I am a specific note;
2019-05-15T18:11:06.857118	test_specific	hallo, I am a specific note;
2019-05-15T18:11:06.899727	test_specific	hallo, I am a specific note;
2019-05-15T18:11:06.938790	test_specific	hallo, I am a specific note;
2019-05-15T18:11:07.363763	test_note	Hello. I am the test note
2019-05-15T18:14:23.089689	test_specific	hallo, I am a specific note;
2019-05-15T18:14:23.147927	test_specific	hallo, I am a specific note;
2019-05-15T18:14:23.191183	test_specific	hallo, I am a specific note;
2019-05-15T18:14:23.230165	test_specific	hallo, I am a specific note;
2019-05-15T18:14:23.271676	test_specific	hallo, I am a specific note;
2019-05-15T18:14:23.315299	test_specific	hallo, I am a specific note;
2019-05-15T18:14:23.354156	test_specific	hallo, I am a specific note;
2019-05-15T18:14:23.397891	test_specific	hallo, I am a specific note;
2019-05-15T18:14:23.438704	test_specific	hallo, I am a specific note;
2019-05-15T18:14:23.482584	test_specific	hallo, I am a specific note;
2019-05-15T18:14:23.903846	test_note	Hello. I am the test note
2019-05-15T18:15:06.020948	test_specific	hallo, I am a specific note;
2019-05-15T18:15:06.063017	test_specific	hallo, I am a specific note;
2019-05-15T18:15:06.123964	test_specific	hallo, I am a specific note;
2019-05-15T18:15:06.174899	test_specific	hallo, I am a specific note;
2019-05-15T18:15:06.214810	test_specific	hallo, I am a specific note;
2019-05-15T18:15:06.257568	test_specific	hallo, I am a specific note;
2019-05-15T18:15:06.298398	test_specific	hallo, I am a specific note;
2019-05-15T18:15:06.341371	test_specific	hallo, I am a specific note;
2019-05-15T18:15:06.384083	test_specific	hallo, I am a specific note;
2019-05-15T18:15:06.425283	test_specific	hallo, I am a specific note;
2019-05-15T18:15:06.675650	multiline note to replace 1	new text
2019-05-15T18:15:06.966284	test_note	Hello. I am the test note
2019-05-15T18:17:27.951945	test_specific	hallo, I am a specific note;
2019-05-15T18:17:27.991835	test_specific	hallo, I am a specific note;
2019-05-15T18:17:28.035575	test_specific	hallo, I am a specific note;
2019-05-15T18:17:28.077300	test_specific	hallo, I am a specific note;
2019-05-15T18:17:28.141787	test_specific	hallo, I am a specific note;
2019-05-15T18:17:28.188467	test_specific	hallo, I am a specific note;
2019-05-15T18:17:28.231201	test_specific	hallo, I am a specific note;
2019-05-15T18:17:28.270413	test_specific	hallo, I am a specific note;
2019-05-15T18:17:28.311728	test_specific	hallo, I am a specific note;
2019-05-15T18:17:28.353076	test_specific	hallo, I am a specific note;
2019-05-15T18:17:28.900163	test_note	Hello. I am the test note
2019-05-16T15:59:03.123163	test_specific	hallo, I am a specific note;
2019-05-16T15:59:03.164528	test_specific	hallo, I am a specific note;
2019-05-16T15:59:03.205996	test_specific	hallo, I am a specific note;
2019-05-16T15:59:03.247068	test_specific	hallo, I am a specific note;
2019-05-16T15:59:03.288361	test_specific	hallo, I am a specific note;
2019-05-16T15:59:03.342735	test_specific	hallo, I am a specific note;
2019-05-16T15:59:03.398337	test_specific	hallo, I am a specific note;
2019-05-16T15:59:03.438487	test_specific	hallo, I am a specific note;
2019-05-16T15:59:03.479816	test_specific	hallo, I am a specific note;
2019-05-16T15:59:03.525069	test_specific	hallo, I am a specific note;
2019-05-16T15:59:04.060005	find some note	this is searchable line
2019-05-16T15:59:04.100295	find some note	other line, cant be found
2019-05-16T15:59:04.141081	find other note	it should be searchable, I hope
2019-05-16T15:59:04.223335	find some note	this is searchable line
2019-05-16T15:59:04.263565	find some note	other line, cant be found
2019-05-16T15:59:04.432334	test_note	Hello. I am the test note
2019-05-16T17:35:23.010414	test_specific	hallo, I am a specific note;
2019-05-16T17:35:23.051371	test_specific	hallo, I am a specific note;
2019-05-16T17:35:23.095488	test_specific	hallo, I am a specific note;
2019-05-16T17:35:23.139031	test_specific	hallo, I am a specific note;
2019-05-16T17:35:23.184012	test_specific	hallo, I am a specific note;
2019-05-16T17:35:23.229100	test_specific	hallo, I am a specific note;
2019-05-16T17:35:23.273076	test_specific	hallo, I am a specific note;
2019-05-16T17:35:23.318786	test_specific	hallo, I am a specific note;
2019-05-16T17:35:23.378196	test_specific	hallo, I am a specific note;
2019-05-16T17:35:23.425554	test_specific	hallo, I am a specific note;
2019-05-16T17:35:23.863810	note to replace	good replacement material
2019-05-16T17:35:23.948341	find some note	this is searchable line
2019-05-16T17:35:23.993601	find some note	other line, cant be found
2019-05-16T17:35:24.034381	find other note	it should be searchable, I hope
2019-05-16T17:35:24.125767	find some note	this is searchable line
2019-05-16T17:35:24.166170	find some note	other line, cant be found
2019-05-16T17:35:24.287883	test_note	Hello. I am the test note
